{
  "tag": "test",
  "bleu_1": 0.16873428549056713,
  "bleu_4": 0.0,
  "meteor": 0.1045853092374843,
  "rouge_l": 0.277734318479562
}{
  "tag": "test",
  "bleu_1": 0.16873428549056718,
  "bleu_4": 0.0,
  "meteor": 0.10458530923748431,
  "rouge_l": 0.2777343184795622
}{
  "tag": "test",
  "bleu_1": 0.1687342854905672,
  "bleu_4": 0.0,
  "meteor": 0.1045853092374845,
  "rouge_l": 0.27773431847956204
}{
  "tag": "test",
  "bleu_1": 0.16873428549056702,
  "bleu_4": 0.0,
  "meteor": 0.10458530923748434,
  "rouge_l": 0.2777343184795622
}{
  "tag": "test",
  "bleu_1": 0.1687342854905672,
  "bleu_4": 0.0,
  "meteor": 0.10458530923748442,
  "rouge_l": 0.2777343184795622
}{
  "tag": "test",
  "bleu_1": 0.166636407873717,
  "bleu_4": 0.0,
  "meteor": 0.10422114805929608,
  "rouge_l": 0.2750166535425524
}{
  "tag": "test",
  "bleu_1": 0.166636407873717,
  "bleu_4": 0.0,
  "meteor": 0.10422114805929604,
  "rouge_l": 0.2750166535425524
}{
  "tag": "test",
  "bleu_1": 0.16663640787371706,
  "bleu_4": 0.0,
  "meteor": 0.10422114805929604,
  "rouge_l": 0.2750166535425524
}{
  "tag": "test",
  "bleu_1": 0.16663640787371717,
  "bleu_4": 0.0,
  "meteor": 0.10422114805929597,
  "rouge_l": 0.2750166535425524
}{
  "tag": "test",
  "bleu_1": 0.1666364078737172,
  "bleu_4": 0.0,
  "meteor": 0.10422114805929607,
  "rouge_l": 0.2750166535425526
}{
  "tag": "test",
  "bleu_1": 0.16663640787371709,
  "bleu_4": 0.0,
  "meteor": 0.10422114805929596,
  "rouge_l": 0.2750166535425524
}{
  "tag": "test",
  "bleu_1": 0.16663640787371714,
  "bleu_4": 0.0,
  "meteor": 0.10422114805929597,
  "rouge_l": 0.2750166535425524
}